id,name,category,price
201,Product_201,Grocery,897.87
202,Product_202,Grocery,798.38
203,Product_203,Electronics,1023.62
204,Product_204,Electronics,1025.75
205,Product_205,Clothing,1155.21
206,Product_206,Clothing,176.21
207,Product_207,Grocery,245.66
208,Product_208,Electronics,1431.19
209,Product_209,Clothing,1458.11
210,Product_210,Furniture,766.45
211,Product_211,Electronics,1307.07
212,Product_212,Clothing,1264.09
213,Product_213,Furniture,237.73
214,Product_214,Furniture,813.67
215,Product_215,Electronics,902.43
216,Product_216,Grocery,39.02
217,Product_217,Clothing,1319.3
218,Product_218,Clothing,366.78
219,Product_219,Furniture,1318.23
220,Product_220,Electronics,137.62
221,Product_221,Grocery,1225.87
222,Product_222,Furniture,201.3
223,Product_223,Grocery,1420.8
224,Product_224,Furniture,404.93
225,Product_225,Grocery,1446.9
226,Product_226,Furniture,1072.29
227,Product_227,Grocery,1492.77
228,Product_228,Clothing,662.77
229,Product_229,Grocery,190.3
230,Product_230,Furniture,105.4
231,Product_231,Electronics,886.58
232,Product_232,Furniture,886.78
233,Product_233,Electronics,115.78
234,Product_234,Electronics,351.12
235,Product_235,Electronics,1290.86
236,Product_236,Electronics,776.09
237,Product_237,Clothing,1006.78
238,Product_238,Furniture,813.46
239,Product_239,Grocery,372.07
240,Product_240,Grocery,1213.17
241,Product_241,Furniture,150.55
242,Product_242,Grocery,537.9
243,Product_243,Grocery,705.87
244,Product_244,Electronics,1013.31
245,Product_245,Electronics,100.31
246,Product_246,Clothing,1202.88
247,Product_247,Electronics,380.5
248,Product_248,Furniture,809.07
249,Product_249,Furniture,638.6
250,Product_250,Clothing,699.32
