id,name,email,region,created_at,updated_at
1001,cust_1001,cust_1001@example.com,North,2022-01-01,2023-01-01
1002,cust_1002,cust_1002@example.com,North,2022-01-01,2023-01-01
1003,cust_1003,cust_1003@example.com,East,2022-01-01,2023-01-01
1004,cust_1004,cust_1004@example.com,South,2022-01-01,2023-01-01
1005,cust_1005,cust_1005@example.com,South,2022-01-01,2023-01-01
1006,cust_1006,cust_1006@example.com,South,2022-01-01,2023-01-01
1007,cust_1007,cust_1007@example.com,North,2022-01-01,2023-01-01
1008,cust_1008,cust_1008@example.com,North,2022-01-01,2023-01-01
1009,cust_1009,cust_1009@example.com,West,2022-01-01,2023-01-01
1010,cust_1010,cust_1010@example.com,North,2022-01-01,2023-01-01
1011,cust_1011,cust_1011@example.com,North,2022-01-01,2023-01-01
1012,cust_1012,cust_1012@example.com,North,2022-01-01,2023-01-01
1013,cust_1013,cust_1013@example.com,South,2022-01-01,2023-01-01
1014,cust_1014,cust_1014@example.com,South,2022-01-01,2023-01-01
1015,cust_1015,cust_1015@example.com,North,2022-01-01,2023-01-01
1016,cust_1016,cust_1016@example.com,South,2022-01-01,2023-01-01
1017,cust_1017,cust_1017@example.com,West,2022-01-01,2023-01-01
1018,cust_1018,cust_1018@example.com,South,2022-01-01,2023-01-01
1019,cust_1019,cust_1019@example.com,West,2022-01-01,2023-01-01
1020,cust_1020,cust_1020@example.com,East,2022-01-01,2023-01-01
1021,cust_1021,cust_1021@example.com,North,2022-01-01,2023-01-01
1022,cust_1022,cust_1022@example.com,South,2022-01-01,2023-01-01
1023,cust_1023,cust_1023@example.com,West,2022-01-01,2023-01-01
1024,cust_1024,cust_1024@example.com,East,2022-01-01,2023-01-01
1025,cust_1025,cust_1025@example.com,East,2022-01-01,2023-01-01
1026,cust_1026,cust_1026@example.com,South,2022-01-01,2023-01-01
1027,cust_1027,cust_1027@example.com,South,2022-01-01,2023-01-01
1028,cust_1028,cust_1028@example.com,East,2022-01-01,2023-01-01
1029,cust_1029,cust_1029@example.com,North,2022-01-01,2023-01-01
1030,cust_1030,cust_1030@example.com,North,2022-01-01,2023-01-01
1031,cust_1031,cust_1031@example.com,West,2022-01-01,2023-01-01
1032,cust_1032,cust_1032@example.com,North,2022-01-01,2023-01-01
1033,cust_1033,cust_1033@example.com,East,2022-01-01,2023-01-01
1034,cust_1034,cust_1034@example.com,East,2022-01-01,2023-01-01
1035,cust_1035,cust_1035@example.com,East,2022-01-01,2023-01-01
1036,cust_1036,cust_1036@example.com,North,2022-01-01,2023-01-01
1037,cust_1037,cust_1037@example.com,West,2022-01-01,2023-01-01
1038,cust_1038,cust_1038@example.com,North,2022-01-01,2023-01-01
1039,cust_1039,cust_1039@example.com,West,2022-01-01,2023-01-01
1040,cust_1040,cust_1040@example.com,North,2022-01-01,2023-01-01
1041,cust_1041,cust_1041@example.com,East,2022-01-01,2023-01-01
1042,cust_1042,cust_1042@example.com,East,2022-01-01,2023-01-01
1043,cust_1043,cust_1043@example.com,South,2022-01-01,2023-01-01
1044,cust_1044,cust_1044@example.com,North,2022-01-01,2023-01-01
1045,cust_1045,cust_1045@example.com,North,2022-01-01,2023-01-01
1046,cust_1046,cust_1046@example.com,South,2022-01-01,2023-01-01
1047,cust_1047,cust_1047@example.com,East,2022-01-01,2023-01-01
1048,cust_1048,cust_1048@example.com,North,2022-01-01,2023-01-01
1049,cust_1049,cust_1049@example.com,South,2022-01-01,2023-01-01
1050,cust_1050,cust_1050@example.com,North,2022-01-01,2023-01-01
1051,cust_1051,cust_1051@example.com,West,2022-01-01,2023-01-01
1052,cust_1052,cust_1052@example.com,East,2022-01-01,2023-01-01
1053,cust_1053,cust_1053@example.com,West,2022-01-01,2023-01-01
1054,cust_1054,cust_1054@example.com,East,2022-01-01,2023-01-01
1055,cust_1055,cust_1055@example.com,South,2022-01-01,2023-01-01
1056,cust_1056,cust_1056@example.com,East,2022-01-01,2023-01-01
1057,cust_1057,cust_1057@example.com,East,2022-01-01,2023-01-01
1058,cust_1058,cust_1058@example.com,South,2022-01-01,2023-01-01
1059,cust_1059,cust_1059@example.com,East,2022-01-01,2023-01-01
1060,cust_1060,cust_1060@example.com,North,2022-01-01,2023-01-01
1061,cust_1061,cust_1061@example.com,South,2022-01-01,2023-01-01
1062,cust_1062,cust_1062@example.com,South,2022-01-01,2023-01-01
1063,cust_1063,cust_1063@example.com,South,2022-01-01,2023-01-01
1064,cust_1064,cust_1064@example.com,West,2022-01-01,2023-01-01
1065,cust_1065,cust_1065@example.com,West,2022-01-01,2023-01-01
1066,cust_1066,cust_1066@example.com,East,2022-01-01,2023-01-01
1067,cust_1067,cust_1067@example.com,South,2022-01-01,2023-01-01
1068,cust_1068,cust_1068@example.com,East,2022-01-01,2023-01-01
1069,cust_1069,cust_1069@example.com,North,2022-01-01,2023-01-01
1070,cust_1070,cust_1070@example.com,South,2022-01-01,2023-01-01
1071,cust_1071,cust_1071@example.com,North,2022-01-01,2023-01-01
1072,cust_1072,cust_1072@example.com,East,2022-01-01,2023-01-01
1073,cust_1073,cust_1073@example.com,West,2022-01-01,2023-01-01
1074,cust_1074,cust_1074@example.com,East,2022-01-01,2023-01-01
1075,cust_1075,cust_1075@example.com,North,2022-01-01,2023-01-01
1076,cust_1076,cust_1076@example.com,South,2022-01-01,2023-01-01
1077,cust_1077,cust_1077@example.com,East,2022-01-01,2023-01-01
1078,cust_1078,cust_1078@example.com,South,2022-01-01,2023-01-01
1079,cust_1079,cust_1079@example.com,West,2022-01-01,2023-01-01
1080,cust_1080,cust_1080@example.com,West,2022-01-01,2023-01-01
1081,cust_1081,cust_1081@example.com,West,2022-01-01,2023-01-01
1082,cust_1082,cust_1082@example.com,South,2022-01-01,2023-01-01
1083,cust_1083,cust_1083@example.com,East,2022-01-01,2023-01-01
1084,cust_1084,cust_1084@example.com,South,2022-01-01,2023-01-01
1085,cust_1085,cust_1085@example.com,South,2022-01-01,2023-01-01
1086,cust_1086,cust_1086@example.com,East,2022-01-01,2023-01-01
1087,cust_1087,cust_1087@example.com,West,2022-01-01,2023-01-01
1088,cust_1088,cust_1088@example.com,West,2022-01-01,2023-01-01
1089,cust_1089,cust_1089@example.com,East,2022-01-01,2023-01-01
1090,cust_1090,cust_1090@example.com,South,2022-01-01,2023-01-01
1091,cust_1091,cust_1091@example.com,South,2022-01-01,2023-01-01
1092,cust_1092,cust_1092@example.com,West,2022-01-01,2023-01-01
1093,cust_1093,cust_1093@example.com,North,2022-01-01,2023-01-01
1094,cust_1094,cust_1094@example.com,North,2022-01-01,2023-01-01
1095,cust_1095,cust_1095@example.com,North,2022-01-01,2023-01-01
1096,cust_1096,cust_1096@example.com,South,2022-01-01,2023-01-01
1097,cust_1097,cust_1097@example.com,South,2022-01-01,2023-01-01
1098,cust_1098,cust_1098@example.com,West,2022-01-01,2023-01-01
1099,cust_1099,cust_1099@example.com,North,2022-01-01,2023-01-01
1100,cust_1100,cust_1100@example.com,West,2022-01-01,2023-01-01
