payment_id,order_id,payment_method,status,amount
PM4001,O3001,CreditCard,Success,500
PM4002,O3002,UPI,Failed,800
PM4003,O3003,PayPal,Success,150
PM4004,O3004,CreditCard,Success,450
PM4005,O3005,NetBanking,Success,600
PM4006,O3006,UPI,Failed,500
PM4007,O3007,PayPal,Success,300
PM4008,O3008,CreditCard,Success,220
PM4009,O3009,UPI,Success,1300
PM4010,O3010,NetBanking,Failed,400
PM4011,O3011,PayPal,Success,550
PM4012,O3012,CreditCard,Success,225
PM4013,O3013,NetBanking,Success,350
PM4014,O3014,PayPal,Failed,960
PM4015,O3015,UPI,Success,180