product_id,product_name,category,subcategory
P2001,Zen Chair,Furniture,Chairs
P2002,Flex Table,Furniture,Tables
P2003,Store Cabinet,Furniture,Cabinets
P2004,Sharp Monitor,Electronics,Monitors
P2005,Click Keyboard,Electronics,Keyboards
P2006,PrintX Printer,Electronics,Printers
P2007,Note Paper,Office Supplies,Paper
P2008,File Binder,Office Supplies,Binders
P2009,LabelPro Labels,Office Supplies,Labels
P2010,Study Desk,Furniture,Tables
P2011,Ultra Chair,Furniture,Chairs
P2012,Bright Monitor,Electronics,Monitors
P2013,Easy Keyboard,Electronics,Keyboards
P2014,Jet Printer,Electronics,Printers
P2015,Smart Cabinet,Furniture,Cabinets
